{
    "pagination": {
        "limit": 100,
        "offset": 0,
        "count": 100,
        "total": 253
    },
    "data": [
        {
            "open": 149.8,
            "high": 150.71,
            "low": 146.15,
            "close": 146.36,
            "volume": 83248084.0,
            "adj_high": null,
            "adj_low": null,
            "adj_close": 146.36,
            "adj_open": null,
            "adj_volume": null,
            "split_factor": 1.0,
            "symbol": "AAPL",
            "exchange": "XNAS",
            "date": "2021-08-18T00:00:00+0000"
        },
        {
            "open": 150.23,
            "high": 151.68,
            "low": 149.09,
            "close": 150.19,
            "volume": 91690172.0,
            "adj_high": null,
            "adj_low": null,
            "adj_close": 150.19,
            "adj_open": null,
            "adj_volume": null,
            "split_factor": 1.0,
            "symbol": "AAPL",
            "exchange": "XNAS",
            "date": "2021-08-17T00:00:00+0000"
        },
        {
            "open": 148.535,
            "high": 151.13,
            "low": 146.47,
            "close": 151.12,
            "volume": 103558782.0,
            "adj_high": null,
            "adj_low": null,
            "adj_close": 151.12,
            "adj_open": null,
            "adj_volume": null,
            "split_factor": 1.0,
            "symbol": "AAPL",
            "exchange": "XNAS",
            "date": "2021-08-16T00:00:00+0000"
        },
        {
            "open": 148.97,
            "high": 149.44,
            "low": 148.27,
            "close": 149.1,
            "volume": 59318800.0,
            "adj_high": null,
            "adj_low": null,
            "adj_close": 149.1,
            "adj_open": null,
            "adj_volume": null,
            "split_factor": 1.0,
            "symbol": "AAPL",
            "exchange": "XNAS",
            "date": "2021-08-13T00:00:00+0000"
        },
        {
            "open": 146.19,
            "high": 149.05,
            "low": 145.84,
            "close": 148.89,
            "volume": 72282600.0,
            "adj_high": null,
            "adj_low": null,
            "adj_close": 148.89,
            "adj_open": null,
            "adj_volume": null,
            "split_factor": 1.0,
            "symbol": "AAPL",
            "exchange": "XNAS",
            "date": "2021-08-12T00:00:00+0000"
        },
        {
            "open": 146.05,
            "high": 146.718,
            "low": 145.53,
            "close": 145.86,
            "volume": 48493463.0,
            "adj_high": null,
            "adj_low": null,
            "adj_close": 145.86,
            "adj_open": null,
            "adj_volume": null,
            "split_factor": 1.0,
            "symbol": "AAPL",
            "exchange": "XNAS",
            "date": "2021-08-11T00:00:00+0000"
        },
        {
            "open": 146.44,
            "high": 147.71,
            "low": 145.3,
            "close": 145.6,
            "volume": 69023081.0,
            "adj_high": null,
            "adj_low": null,
            "adj_close": 145.6,
            "adj_open": null,
            "adj_volume": null,
            "split_factor": 1.0,
            "symbol": "AAPL",
            "exchange": "XNAS",
            "date": "2021-08-10T00:00:00+0000"
        },
        {
            "open": 146.2,
            "high": 146.7,
            "low": 145.52,
            "close": 146.09,
            "volume": 48802159.0,
            "adj_high": null,
            "adj_low": null,
            "adj_close": 146.09,
            "adj_open": null,
            "adj_volume": null,
            "split_factor": 1.0,
            "symbol": "AAPL",
            "exchange": "XNAS",
            "date": "2021-08-09T00:00:00+0000"
        },
        {
            "open": 146.35,
            "high": 147.11,
            "low": 145.63,
            "close": 146.14,
            "volume": 54067400.0,
            "adj_high": null,
            "adj_low": null,
            "adj_close": 146.14,
            "adj_open": null,
            "adj_volume": null,
            "split_factor": 1.0,
            "symbol": "AAPL",
            "exchange": "XNAS",
            "date": "2021-08-06T00:00:00+0000"
        },
        {
            "open": 146.98,
            "high": 147.84,
            "low": 146.17,
            "close": 147.06,
            "volume": 46236448.0,
            "adj_high": null,
            "adj_low": null,
            "adj_close": 147.06,
            "adj_open": null,
            "adj_volume": null,
            "split_factor": 1.0,
            "symbol": "AAPL",
            "exchange": "XNAS",
            "date": "2021-08-05T00:00:00+0000"
        },
        {
            "open": 147.27,
            "high": 147.79,
            "low": 146.28,
            "close": 146.95,
            "volume": 53941624.0,
            "adj_high": null,
            "adj_low": null,
            "adj_close": 146.95,
            "adj_open": null,
            "adj_volume": null,
            "split_factor": 1.0,
            "symbol": "AAPL",
            "exchange": "XNAS",
            "date": "2021-08-04T00:00:00+0000"
        },
        {
            "open": 145.81,
            "high": 148.04,
            "low": 145.18,
            "close": 147.36,
            "volume": 64433620.0,
            "adj_high": null,
            "adj_low": null,
            "adj_close": 147.36,
            "adj_open": null,
            "adj_volume": null,
            "split_factor": 1.0,
            "symbol": "AAPL",
            "exchange": "XNAS",
            "date": "2021-08-03T00:00:00+0000"
        },
        {
            "open": 146.36,
            "high": 146.95,
            "low": 145.25,
            "close": 145.52,
            "volume": 60129097.0,
            "adj_high": null,
            "adj_low": null,
            "adj_close": 145.52,
            "adj_open": null,
            "adj_volume": null,
            "split_factor": 1.0,
            "symbol": "AAPL",
            "exchange": "XNAS",
            "date": "2021-08-02T00:00:00+0000"
        },
        {
            "open": 144.38,
            "high": 146.33,
            "low": 144.11,
            "close": 145.86,
            "volume": 70382000.0,
            "adj_high": null,
            "adj_low": null,
            "adj_close": 145.86,
            "adj_open": null,
            "adj_volume": null,
            "split_factor": 1.0,
            "symbol": "AAPL",
            "exchange": "XNAS",
            "date": "2021-07-30T00:00:00+0000"
        },
        {
            "open": 144.685,
            "high": 146.47,
            "low": 144.58,
            "close": 145.64,
            "volume": 52800323.0,
            "adj_high": null,
            "adj_low": null,
            "adj_close": 145.64,
            "adj_open": null,
            "adj_volume": null,
            "split_factor": 1.0,
            "symbol": "AAPL",
            "exchange": "XNAS",
            "date": "2021-07-29T00:00:00+0000"
        },
        {
            "open": 144.81,
            "high": 146.96,
            "low": 142.54,
            "close": 144.98,
            "volume": 113982837.0,
            "adj_high": null,
            "adj_low": null,
            "adj_close": 144.98,
            "adj_open": null,
            "adj_volume": null,
            "split_factor": 1.0,
            "symbol": "AAPL",
            "exchange": "XNAS",
            "date": "2021-07-28T00:00:00+0000"
        },
        {
            "open": 149.12,
            "high": 149.2,
            "low": 145.55,
            "close": 146.77,
            "volume": 94028352.0,
            "adj_high": null,
            "adj_low": null,
            "adj_close": 146.77,
            "adj_open": null,
            "adj_volume": null,
            "split_factor": 1.0,
            "symbol": "AAPL",
            "exchange": "XNAS",
            "date": "2021-07-27T00:00:00+0000"
        },
        {
            "open": 148.27,
            "high": 149.83,
            "low": 147.7,
            "close": 148.99,
            "volume": 71987172.0,
            "adj_high": null,
            "adj_low": null,
            "adj_close": 148.99,
            "adj_open": null,
            "adj_volume": null,
            "split_factor": 1.0,
            "symbol": "AAPL",
            "exchange": "XNAS",
            "date": "2021-07-26T00:00:00+0000"
        },
        {
            "open": 147.55,
            "high": 148.72,
            "low": 146.92,
            "close": 148.56,
            "volume": 71361600.0,
            "adj_high": null,
            "adj_low": null,
            "adj_close": 148.56,
            "adj_open": null,
            "adj_volume": null,
            "split_factor": 1.0,
            "symbol": "AAPL",
            "exchange": "XNAS",
            "date": "2021-07-23T00:00:00+0000"
        },
        {
            "open": 145.935,
            "high": 148.195,
            "low": 145.81,
            "close": 146.8,
            "volume": 74144058.0,
            "adj_high": null,
            "adj_low": null,
            "adj_close": 146.8,
            "adj_open": null,
            "adj_volume": null,
            "split_factor": 1.0,
            "symbol": "AAPL",
            "exchange": "XNAS",
            "date": "2021-07-22T00:00:00+0000"
        },
        {
            "open": 145.53,
            "high": 146.13,
            "low": 144.63,
            "close": 145.4,
            "volume": 71439047.0,
            "adj_high": null,
            "adj_low": null,
            "adj_close": 145.4,
            "adj_open": null,
            "adj_volume": null,
            "split_factor": 1.0,
            "symbol": "AAPL",
            "exchange": "XNAS",
            "date": "2021-07-21T00:00:00+0000"
        },
        {
            "open": 143.46,
            "high": 147.0997,
            "low": 142.96,
            "close": 146.15,
            "volume": 95496549.0,
            "adj_high": null,
            "adj_low": null,
            "adj_close": 146.15,
            "adj_open": null,
            "adj_volume": null,
            "split_factor": 1.0,
            "symbol": "AAPL",
            "exchange": "XNAS",
            "date": "2021-07-20T00:00:00+0000"
        },
        {
            "open": 143.75,
            "high": 144.07,
            "low": 141.67,
            "close": 142.45,
            "volume": 116136809.0,
            "adj_high": null,
            "adj_low": null,
            "adj_close": 142.45,
            "adj_open": null,
            "adj_volume": null,
            "split_factor": 1.0,
            "symbol": "AAPL",
            "exchange": "XNAS",
            "date": "2021-07-19T00:00:00+0000"
        },
        {
            "open": 148.46,
            "high": 149.76,
            "low": 145.88,
            "close": 146.39,
            "volume": 93100300.0,
            "adj_high": null,
            "adj_low": null,
            "adj_close": 146.39,
            "adj_open": null,
            "adj_volume": null,
            "split_factor": 1.0,
            "symbol": "AAPL",
            "exchange": "XNAS",
            "date": "2021-07-16T00:00:00+0000"
        },
        {
            "open": 149.24,
            "high": 150.0,
            "low": 147.095,
            "close": 148.48,
            "volume": 104023741.0,
            "adj_high": null,
            "adj_low": null,
            "adj_close": 148.48,
            "adj_open": null,
            "adj_volume": null,
            "split_factor": 1.0,
            "symbol": "AAPL",
            "exchange": "XNAS",
            "date": "2021-07-15T00:00:00+0000"
        },
        {
            "open": 148.1,
            "high": 149.57,
            "low": 147.68,
            "close": 149.15,
            "volume": 127050785.0,
            "adj_high": null,
            "adj_low": null,
            "adj_close": 149.15,
            "adj_open": null,
            "adj_volume": null,
            "split_factor": 1.0,
            "symbol": "AAPL",
            "exchange": "XNAS",
            "date": "2021-07-14T00:00:00+0000"
        },
        {
            "open": 144.03,
            "high": 147.46,
            "low": 143.63,
            "close": 145.64,
            "volume": 98214828.0,
            "adj_high": null,
            "adj_low": null,
            "adj_close": 145.64,
            "adj_open": null,
            "adj_volume": null,
            "split_factor": 1.0,
            "symbol": "AAPL",
            "exchange": "XNAS",
            "date": "2021-07-13T00:00:00+0000"
        },
        {
            "open": 146.21,
            "high": 146.32,
            "low": 144.0,
            "close": 144.5,
            "volume": 73241264.0,
            "adj_high": null,
            "adj_low": null,
            "adj_close": 144.5,
            "adj_open": null,
            "adj_volume": null,
            "split_factor": 1.0,
            "symbol": "AAPL",
            "exchange": "XNAS",
            "date": "2021-07-12T00:00:00+0000"
        },
        {
            "open": 142.75,
            "high": 145.65,
            "low": 142.65,
            "close": 145.11,
            "volume": 99788400.0,
            "adj_high": null,
            "adj_low": null,
            "adj_close": 145.11,
            "adj_open": null,
            "adj_volume": null,
            "split_factor": 1.0,
            "symbol": "AAPL",
            "exchange": "XNAS",
            "date": "2021-07-09T00:00:00+0000"
        },
        {
            "open": 141.58,
            "high": 144.06,
            "low": 140.67,
            "close": 143.24,
            "volume": 103561917.0,
            "adj_high": null,
            "adj_low": null,
            "adj_close": 143.24,
            "adj_open": null,
            "adj_volume": null,
            "split_factor": 1.0,
            "symbol": "AAPL",
            "exchange": "XNAS",
            "date": "2021-07-08T00:00:00+0000"
        },
        {
            "open": 143.535,
            "high": 144.89,
            "low": 142.66,
            "close": 144.57,
            "volume": 104591949.0,
            "adj_high": null,
            "adj_low": null,
            "adj_close": 144.57,
            "adj_open": null,
            "adj_volume": null,
            "split_factor": 1.0,
            "symbol": "AAPL",
            "exchange": "XNAS",
            "date": "2021-07-07T00:00:00+0000"
        },
        {
            "open": 140.07,
            "high": 143.15,
            "low": 140.07,
            "close": 142.02,
            "volume": 108181793.0,
            "adj_high": null,
            "adj_low": null,
            "adj_close": 142.02,
            "adj_open": null,
            "adj_volume": null,
            "split_factor": 1.0,
            "symbol": "AAPL",
            "exchange": "XNAS",
            "date": "2021-07-06T00:00:00+0000"
        },
        {
            "open": 137.9,
            "high": 140.0,
            "low": 137.75,
            "close": 139.96,
            "volume": 78852600.0,
            "adj_high": null,
            "adj_low": null,
            "adj_close": 139.96,
            "adj_open": null,
            "adj_volume": null,
            "split_factor": 1.0,
            "symbol": "AAPL",
            "exchange": "XNAS",
            "date": "2021-07-02T00:00:00+0000"
        },
        {
            "open": 136.6,
            "high": 137.33,
            "low": 135.76,
            "close": 137.27,
            "volume": 52485781.0,
            "adj_high": null,
            "adj_low": null,
            "adj_close": 137.27,
            "adj_open": null,
            "adj_volume": null,
            "split_factor": 1.0,
            "symbol": "AAPL",
            "exchange": "XNAS",
            "date": "2021-07-01T00:00:00+0000"
        },
        {
            "open": 136.17,
            "high": 137.4,
            "low": 135.87,
            "close": 136.96,
            "volume": 63261393.0,
            "adj_high": null,
            "adj_low": null,
            "adj_close": 136.96,
            "adj_open": null,
            "adj_volume": null,
            "split_factor": 1.0,
            "symbol": "AAPL",
            "exchange": "XNAS",
            "date": "2021-06-30T00:00:00+0000"
        },
        {
            "open": 134.8,
            "high": 136.49,
            "low": 134.3599,
            "close": 136.33,
            "volume": 64556081.0,
            "adj_high": null,
            "adj_low": null,
            "adj_close": 136.33,
            "adj_open": null,
            "adj_volume": null,
            "split_factor": 1.0,
            "symbol": "AAPL",
            "exchange": "XNAS",
            "date": "2021-06-29T00:00:00+0000"
        },
        {
            "open": 133.41,
            "high": 135.245,
            "low": 133.3857,
            "close": 134.78,
            "volume": 62111303.0,
            "adj_high": null,
            "adj_low": null,
            "adj_close": 134.78,
            "adj_open": null,
            "adj_volume": null,
            "split_factor": 1.0,
            "symbol": "AAPL",
            "exchange": "XNAS",
            "date": "2021-06-28T00:00:00+0000"
        },
        {
            "open": 133.46,
            "high": 133.89,
            "low": 132.81,
            "close": 133.11,
            "volume": 70730700.0,
            "adj_high": null,
            "adj_low": null,
            "adj_close": 133.11,
            "adj_open": null,
            "adj_volume": null,
            "split_factor": 1.0,
            "symbol": "AAPL",
            "exchange": "XNAS",
            "date": "2021-06-25T00:00:00+0000"
        },
        {
            "open": 134.45,
            "high": 134.64,
            "low": 132.93,
            "close": 133.41,
            "volume": 68710998.0,
            "adj_high": null,
            "adj_low": null,
            "adj_close": 133.41,
            "adj_open": null,
            "adj_volume": null,
            "split_factor": 1.0,
            "symbol": "AAPL",
            "exchange": "XNAS",
            "date": "2021-06-24T00:00:00+0000"
        },
        {
            "open": 133.77,
            "high": 134.32,
            "low": 133.23,
            "close": 133.7,
            "volume": 60214200.0,
            "adj_high": null,
            "adj_low": null,
            "adj_close": 133.7,
            "adj_open": null,
            "adj_volume": null,
            "split_factor": 1.0,
            "symbol": "AAPL",
            "exchange": "XNAS",
            "date": "2021-06-23T00:00:00+0000"
        },
        {
            "open": 132.13,
            "high": 134.08,
            "low": 131.62,
            "close": 133.98,
            "volume": 74783618.0,
            "adj_high": null,
            "adj_low": null,
            "adj_close": 133.98,
            "adj_open": null,
            "adj_volume": null,
            "split_factor": 1.0,
            "symbol": "AAPL",
            "exchange": "XNAS",
            "date": "2021-06-22T00:00:00+0000"
        },
        {
            "open": 130.3,
            "high": 132.41,
            "low": 129.2118,
            "close": 132.3,
            "volume": 79663316.0,
            "adj_high": null,
            "adj_low": null,
            "adj_close": 132.3,
            "adj_open": null,
            "adj_volume": null,
            "split_factor": 1.0,
            "symbol": "AAPL",
            "exchange": "XNAS",
            "date": "2021-06-21T00:00:00+0000"
        },
        {
            "open": 130.71,
            "high": 131.51,
            "low": 130.25,
            "close": 130.46,
            "volume": 108953309.0,
            "adj_high": null,
            "adj_low": null,
            "adj_close": 130.46,
            "adj_open": null,
            "adj_volume": null,
            "split_factor": 1.0,
            "symbol": "AAPL",
            "exchange": "XNAS",
            "date": "2021-06-18T00:00:00+0000"
        },
        {
            "open": 129.8,
            "high": 132.55,
            "low": 129.65,
            "close": 131.79,
            "volume": 96230975.0,
            "adj_high": null,
            "adj_low": null,
            "adj_close": 131.79,
            "adj_open": null,
            "adj_volume": null,
            "split_factor": 1.0,
            "symbol": "AAPL",
            "exchange": "XNAS",
            "date": "2021-06-17T00:00:00+0000"
        },
        {
            "open": 130.37,
            "high": 130.89,
            "low": 128.461,
            "close": 130.15,
            "volume": 91815026.0,
            "adj_high": null,
            "adj_low": null,
            "adj_close": 130.15,
            "adj_open": null,
            "adj_volume": null,
            "split_factor": 1.0,
            "symbol": "AAPL",
            "exchange": "XNAS",
            "date": "2021-06-16T00:00:00+0000"
        },
        {
            "open": 129.94,
            "high": 130.59,
            "low": 129.39,
            "close": 129.64,
            "volume": 62345416.0,
            "adj_high": null,
            "adj_low": null,
            "adj_close": 129.64,
            "adj_open": null,
            "adj_volume": null,
            "split_factor": 1.0,
            "symbol": "AAPL",
            "exchange": "XNAS",
            "date": "2021-06-15T00:00:00+0000"
        },
        {
            "open": 127.82,
            "high": 130.49,
            "low": 127.07,
            "close": 130.48,
            "volume": 96650035.0,
            "adj_high": null,
            "adj_low": null,
            "adj_close": 130.48,
            "adj_open": null,
            "adj_volume": null,
            "split_factor": 1.0,
            "symbol": "AAPL",
            "exchange": "XNAS",
            "date": "2021-06-14T00:00:00+0000"
        },
        {
            "open": 126.53,
            "high": 127.44,
            "low": 126.1,
            "close": 127.35,
            "volume": 53415300.0,
            "adj_high": null,
            "adj_low": null,
            "adj_close": 127.35,
            "adj_open": null,
            "adj_volume": null,
            "split_factor": 1.0,
            "symbol": "AAPL",
            "exchange": "XNAS",
            "date": "2021-06-11T00:00:00+0000"
        },
        {
            "open": 127.02,
            "high": 128.19,
            "low": 125.94,
            "close": 126.11,
            "volume": 69880286.0,
            "adj_high": null,
            "adj_low": null,
            "adj_close": 126.11,
            "adj_open": null,
            "adj_volume": null,
            "split_factor": 1.0,
            "symbol": "AAPL",
            "exchange": "XNAS",
            "date": "2021-06-10T00:00:00+0000"
        },
        {
            "open": 127.21,
            "high": 127.75,
            "low": 126.52,
            "close": 127.13,
            "volume": 54895704.0,
            "adj_high": null,
            "adj_low": null,
            "adj_close": 127.13,
            "adj_open": null,
            "adj_volume": null,
            "split_factor": 1.0,
            "symbol": "AAPL",
            "exchange": "XNAS",
            "date": "2021-06-09T00:00:00+0000"
        },
        {
            "open": 126.6,
            "high": 128.46,
            "low": 126.2101,
            "close": 126.74,
            "volume": 72497627.0,
            "adj_high": null,
            "adj_low": null,
            "adj_close": 126.74,
            "adj_open": null,
            "adj_volume": null,
            "split_factor": 1.0,
            "symbol": "AAPL",
            "exchange": "XNAS",
            "date": "2021-06-08T00:00:00+0000"
        },
        {
            "open": 126.17,
            "high": 126.31,
            "low": 124.8321,
            "close": 125.9,
            "volume": 68205494.0,
            "adj_high": null,
            "adj_low": null,
            "adj_close": 125.9,
            "adj_open": null,
            "adj_volume": null,
            "split_factor": 1.0,
            "symbol": "AAPL",
            "exchange": "XNAS",
            "date": "2021-06-07T00:00:00+0000"
        },
        {
            "open": 124.07,
            "high": 126.16,
            "low": 123.85,
            "close": 125.89,
            "volume": 75087300.0,
            "adj_high": null,
            "adj_low": null,
            "adj_close": 125.89,
            "adj_open": null,
            "adj_volume": null,
            "split_factor": 1.0,
            "symbol": "AAPL",
            "exchange": "XNAS",
            "date": "2021-06-04T00:00:00+0000"
        },
        {
            "open": 124.68,
            "high": 124.85,
            "low": 123.13,
            "close": 123.54,
            "volume": 75732834.0,
            "adj_high": null,
            "adj_low": null,
            "adj_close": 123.54,
            "adj_open": null,
            "adj_volume": null,
            "split_factor": 1.0,
            "symbol": "AAPL",
            "exchange": "XNAS",
            "date": "2021-06-03T00:00:00+0000"
        },
        {
            "open": 124.28,
            "high": 125.24,
            "low": 124.05,
            "close": 125.06,
            "volume": 58418100.0,
            "adj_high": null,
            "adj_low": null,
            "adj_close": 125.06,
            "adj_open": null,
            "adj_volume": null,
            "split_factor": 1.0,
            "symbol": "AAPL",
            "exchange": "XNAS",
            "date": "2021-06-02T00:00:00+0000"
        },
        {
            "open": 125.08,
            "high": 125.35,
            "low": 123.945,
            "close": 124.28,
            "volume": 63460425.0,
            "adj_high": null,
            "adj_low": null,
            "adj_close": 124.28,
            "adj_open": null,
            "adj_volume": null,
            "split_factor": 1.0,
            "symbol": "AAPL",
            "exchange": "XNAS",
            "date": "2021-06-01T00:00:00+0000"
        },
        {
            "open": 125.57,
            "high": 125.8,
            "low": 124.55,
            "close": 124.61,
            "volume": 71232700.0,
            "adj_high": null,
            "adj_low": null,
            "adj_close": 124.61,
            "adj_open": null,
            "adj_volume": null,
            "split_factor": 1.0,
            "symbol": "AAPL",
            "exchange": "XNAS",
            "date": "2021-05-28T00:00:00+0000"
        },
        {
            "open": 126.44,
            "high": 127.64,
            "low": 125.28,
            "close": 125.28,
            "volume": 86473226.0,
            "adj_high": null,
            "adj_low": null,
            "adj_close": 125.28,
            "adj_open": null,
            "adj_volume": null,
            "split_factor": 1.0,
            "symbol": "AAPL",
            "exchange": "XNAS",
            "date": "2021-05-27T00:00:00+0000"
        },
        {
            "open": 126.955,
            "high": 127.39,
            "low": 126.42,
            "close": 126.85,
            "volume": 53175620.0,
            "adj_high": null,
            "adj_low": null,
            "adj_close": 126.85,
            "adj_open": null,
            "adj_volume": null,
            "split_factor": 1.0,
            "symbol": "AAPL",
            "exchange": "XNAS",
            "date": "2021-05-26T00:00:00+0000"
        },
        {
            "open": 127.82,
            "high": 128.3168,
            "low": 126.32,
            "close": 126.9,
            "volume": 70119179.0,
            "adj_high": null,
            "adj_low": null,
            "adj_close": 126.9,
            "adj_open": null,
            "adj_volume": null,
            "split_factor": 1.0,
            "symbol": "AAPL",
            "exchange": "XNAS",
            "date": "2021-05-25T00:00:00+0000"
        },
        {
            "open": 126.01,
            "high": 127.935,
            "low": 125.94,
            "close": 127.1,
            "volume": 61144792.0,
            "adj_high": null,
            "adj_low": null,
            "adj_close": 127.1,
            "adj_open": null,
            "adj_volume": null,
            "split_factor": 1.0,
            "symbol": "AAPL",
            "exchange": "XNAS",
            "date": "2021-05-24T00:00:00+0000"
        },
        {
            "open": 127.82,
            "high": 128.0,
            "low": 125.21,
            "close": 125.43,
            "volume": 79209300.0,
            "adj_high": null,
            "adj_low": null,
            "adj_close": 125.43,
            "adj_open": null,
            "adj_volume": null,
            "split_factor": 1.0,
            "symbol": "AAPL",
            "exchange": "XNAS",
            "date": "2021-05-21T00:00:00+0000"
        },
        {
            "open": 125.23,
            "high": 127.7156,
            "low": 125.1,
            "close": 127.31,
            "volume": 72824171.0,
            "adj_high": null,
            "adj_low": null,
            "adj_close": 127.31,
            "adj_open": null,
            "adj_volume": null,
            "split_factor": 1.0,
            "symbol": "AAPL",
            "exchange": "XNAS",
            "date": "2021-05-20T00:00:00+0000"
        },
        {
            "open": 123.16,
            "high": 124.915,
            "low": 122.88,
            "close": 124.69,
            "volume": 85649375.0,
            "adj_high": null,
            "adj_low": null,
            "adj_close": 124.69,
            "adj_open": null,
            "adj_volume": null,
            "split_factor": 1.0,
            "symbol": "AAPL",
            "exchange": "XNAS",
            "date": "2021-05-19T00:00:00+0000"
        },
        {
            "open": 126.56,
            "high": 126.9878,
            "low": 124.78,
            "close": 124.85,
            "volume": 59794196.0,
            "adj_high": null,
            "adj_low": null,
            "adj_close": 124.85,
            "adj_open": null,
            "adj_volume": null,
            "split_factor": 1.0,
            "symbol": "AAPL",
            "exchange": "XNAS",
            "date": "2021-05-18T00:00:00+0000"
        },
        {
            "open": 126.82,
            "high": 126.92,
            "low": 125.17,
            "close": 126.27,
            "volume": 67867172.0,
            "adj_high": null,
            "adj_low": null,
            "adj_close": 126.27,
            "adj_open": null,
            "adj_volume": null,
            "split_factor": 1.0,
            "symbol": "AAPL",
            "exchange": "XNAS",
            "date": "2021-05-17T00:00:00+0000"
        },
        {
            "open": 126.25,
            "high": 127.88,
            "low": 125.85,
            "close": 127.45,
            "volume": 77970942.0,
            "adj_high": null,
            "adj_low": null,
            "adj_close": 127.45,
            "adj_open": null,
            "adj_volume": null,
            "split_factor": 1.0,
            "symbol": "AAPL",
            "exchange": "XNAS",
            "date": "2021-05-14T00:00:00+0000"
        },
        {
            "open": 124.58,
            "high": 126.15,
            "low": 124.26,
            "close": 124.97,
            "volume": 102137673.0,
            "adj_high": null,
            "adj_low": null,
            "adj_close": 124.97,
            "adj_open": null,
            "adj_volume": null,
            "split_factor": 1.0,
            "symbol": "AAPL",
            "exchange": "XNAS",
            "date": "2021-05-13T00:00:00+0000"
        },
        {
            "open": 123.4,
            "high": 124.64,
            "low": 122.25,
            "close": 122.77,
            "volume": 107046695.0,
            "adj_high": null,
            "adj_low": null,
            "adj_close": 122.77,
            "adj_open": null,
            "adj_volume": null,
            "split_factor": 1.0,
            "symbol": "AAPL",
            "exchange": "XNAS",
            "date": "2021-05-12T00:00:00+0000"
        },
        {
            "open": 123.5,
            "high": 126.27,
            "low": 122.78,
            "close": 125.91,
            "volume": 124362743.0,
            "adj_high": null,
            "adj_low": null,
            "adj_close": 125.91,
            "adj_open": null,
            "adj_volume": null,
            "split_factor": 1.0,
            "symbol": "AAPL",
            "exchange": "XNAS",
            "date": "2021-05-11T00:00:00+0000"
        },
        {
            "open": 129.41,
            "high": 129.54,
            "low": 126.81,
            "close": 126.85,
            "volume": 85152395.0,
            "adj_high": null,
            "adj_low": null,
            "adj_close": 126.85,
            "adj_open": null,
            "adj_volume": null,
            "split_factor": 1.0,
            "symbol": "AAPL",
            "exchange": "XNAS",
            "date": "2021-05-10T00:00:00+0000"
        },
        {
            "open": 130.85,
            "high": 131.26,
            "low": 129.48,
            "close": 130.21,
            "volume": 78892700.0,
            "adj_high": null,
            "adj_low": null,
            "adj_close": 130.21,
            "adj_open": null,
            "adj_volume": null,
            "split_factor": 1.0,
            "symbol": "AAPL",
            "exchange": "XNAS",
            "date": "2021-05-07T00:00:00+0000"
        },
        {
            "open": 127.89,
            "high": 129.75,
            "low": 127.1306,
            "close": 129.74,
            "volume": 75870303.0,
            "adj_high": null,
            "adj_low": null,
            "adj_close": 129.74,
            "adj_open": null,
            "adj_volume": null,
            "split_factor": 1.0,
            "symbol": "AAPL",
            "exchange": "XNAS",
            "date": "2021-05-06T00:00:00+0000"
        },
        {
            "open": 129.2,
            "high": 130.44,
            "low": 127.9744,
            "close": 128.1,
            "volume": 81207034.0,
            "adj_high": null,
            "adj_low": null,
            "adj_close": 128.1,
            "adj_open": null,
            "adj_volume": null,
            "split_factor": 1.0,
            "symbol": "AAPL",
            "exchange": "XNAS",
            "date": "2021-05-05T00:00:00+0000"
        },
        {
            "open": 131.19,
            "high": 131.4899,
            "low": 126.7,
            "close": 127.85,
            "volume": 132893955.0,
            "adj_high": null,
            "adj_low": null,
            "adj_close": 127.85,
            "adj_open": null,
            "adj_volume": null,
            "split_factor": 1.0,
            "symbol": "AAPL",
            "exchange": "XNAS",
            "date": "2021-05-04T00:00:00+0000"
        },
        {
            "open": 132.04,
            "high": 134.07,
            "low": 131.83,
            "close": 132.54,
            "volume": 72299748.0,
            "adj_high": null,
            "adj_low": null,
            "adj_close": 132.54,
            "adj_open": null,
            "adj_volume": null,
            "split_factor": 1.0,
            "symbol": "AAPL",
            "exchange": "XNAS",
            "date": "2021-05-03T00:00:00+0000"
        },
        {
            "open": 131.78,
            "high": 133.56,
            "low": 131.07,
            "close": 131.46,
            "volume": 109713200.0,
            "adj_high": null,
            "adj_low": null,
            "adj_close": 131.46,
            "adj_open": null,
            "adj_volume": null,
            "split_factor": 1.0,
            "symbol": "AAPL",
            "exchange": "XNAS",
            "date": "2021-04-30T00:00:00+0000"
        },
        {
            "open": 136.47,
            "high": 137.07,
            "low": 132.45,
            "close": 133.48,
            "volume": 149258361.0,
            "adj_high": null,
            "adj_low": null,
            "adj_close": 133.48,
            "adj_open": null,
            "adj_volume": null,
            "split_factor": 1.0,
            "symbol": "AAPL",
            "exchange": "XNAS",
            "date": "2021-04-29T00:00:00+0000"
        },
        {
            "open": 134.31,
            "high": 135.02,
            "low": 133.08,
            "close": 133.58,
            "volume": 107760097.0,
            "adj_high": null,
            "adj_low": null,
            "adj_close": 133.58,
            "adj_open": null,
            "adj_volume": null,
            "split_factor": 1.0,
            "symbol": "AAPL",
            "exchange": "XNAS",
            "date": "2021-04-28T00:00:00+0000"
        },
        {
            "open": 135.01,
            "high": 135.4,
            "low": 134.11,
            "close": 134.39,
            "volume": 63819400.0,
            "adj_high": null,
            "adj_low": null,
            "adj_close": 134.39,
            "adj_open": null,
            "adj_volume": null,
            "split_factor": 1.0,
            "symbol": "AAPL",
            "exchange": "XNAS",
            "date": "2021-04-27T00:00:00+0000"
        },
        {
            "open": 134.83,
            "high": 135.06,
            "low": 133.5699,
            "close": 134.72,
            "volume": 63123294.0,
            "adj_high": null,
            "adj_low": null,
            "adj_close": 134.72,
            "adj_open": null,
            "adj_volume": null,
            "split_factor": 1.0,
            "symbol": "AAPL",
            "exchange": "XNAS",
            "date": "2021-04-26T00:00:00+0000"
        },
        {
            "open": 132.16,
            "high": 135.12,
            "low": 132.16,
            "close": 134.32,
            "volume": 78657500.0,
            "adj_high": null,
            "adj_low": null,
            "adj_close": 134.32,
            "adj_open": null,
            "adj_volume": null,
            "split_factor": 1.0,
            "symbol": "AAPL",
            "exchange": "XNAS",
            "date": "2021-04-23T00:00:00+0000"
        },
        {
            "open": 133.04,
            "high": 134.15,
            "low": 131.4138,
            "close": 131.94,
            "volume": 81136914.0,
            "adj_high": null,
            "adj_low": null,
            "adj_close": 131.94,
            "adj_open": null,
            "adj_volume": null,
            "split_factor": 1.0,
            "symbol": "AAPL",
            "exchange": "XNAS",
            "date": "2021-04-22T00:00:00+0000"
        },
        {
            "open": 132.36,
            "high": 133.75,
            "low": 131.31,
            "close": 133.5,
            "volume": 67380653.0,
            "adj_high": null,
            "adj_low": null,
            "adj_close": 133.5,
            "adj_open": null,
            "adj_volume": null,
            "split_factor": 1.0,
            "symbol": "AAPL",
            "exchange": "XNAS",
            "date": "2021-04-21T00:00:00+0000"
        },
        {
            "open": 135.02,
            "high": 135.53,
            "low": 131.8115,
            "close": 133.11,
            "volume": 93002207.0,
            "adj_high": null,
            "adj_low": null,
            "adj_close": 133.11,
            "adj_open": null,
            "adj_volume": null,
            "split_factor": 1.0,
            "symbol": "AAPL",
            "exchange": "XNAS",
            "date": "2021-04-20T00:00:00+0000"
        },
        {
            "open": 133.51,
            "high": 135.47,
            "low": 133.34,
            "close": 134.84,
            "volume": 93927060.0,
            "adj_high": null,
            "adj_low": null,
            "adj_close": 134.84,
            "adj_open": null,
            "adj_volume": null,
            "split_factor": 1.0,
            "symbol": "AAPL",
            "exchange": "XNAS",
            "date": "2021-04-19T00:00:00+0000"
        },
        {
            "open": 134.3,
            "high": 134.66,
            "low": 133.28,
            "close": 134.16,
            "volume": 81113424.0,
            "adj_high": null,
            "adj_low": null,
            "adj_close": 134.16,
            "adj_open": null,
            "adj_volume": null,
            "split_factor": 1.0,
            "symbol": "AAPL",
            "exchange": "XNAS",
            "date": "2021-04-16T00:00:00+0000"
        },
        {
            "open": 133.82,
            "high": 135.0,
            "low": 133.64,
            "close": 134.5,
            "volume": 85846307.0,
            "adj_high": null,
            "adj_low": null,
            "adj_close": 134.5,
            "adj_open": null,
            "adj_volume": null,
            "split_factor": 1.0,
            "symbol": "AAPL",
            "exchange": "XNAS",
            "date": "2021-04-15T00:00:00+0000"
        },
        {
            "open": 134.94,
            "high": 135.0,
            "low": 131.655,
            "close": 132.03,
            "volume": 83184339.0,
            "adj_high": null,
            "adj_low": null,
            "adj_close": 132.03,
            "adj_open": null,
            "adj_volume": null,
            "split_factor": 1.0,
            "symbol": "AAPL",
            "exchange": "XNAS",
            "date": "2021-04-14T00:00:00+0000"
        },
        {
            "open": 132.44,
            "high": 134.66,
            "low": 131.94,
            "close": 134.43,
            "volume": 87964051.0,
            "adj_high": null,
            "adj_low": null,
            "adj_close": 134.43,
            "adj_open": null,
            "adj_volume": null,
            "split_factor": 1.0,
            "symbol": "AAPL",
            "exchange": "XNAS",
            "date": "2021-04-13T00:00:00+0000"
        },
        {
            "open": 132.52,
            "high": 132.85,
            "low": 130.63,
            "close": 131.24,
            "volume": 85546001.0,
            "adj_high": null,
            "adj_low": null,
            "adj_close": 131.24,
            "adj_open": null,
            "adj_volume": null,
            "split_factor": 1.0,
            "symbol": "AAPL",
            "exchange": "XNAS",
            "date": "2021-04-12T00:00:00+0000"
        },
        {
            "open": 129.8,
            "high": 133.04,
            "low": 129.47,
            "close": 132.995,
            "volume": 106686703.0,
            "adj_high": 133.04,
            "adj_low": 129.47,
            "adj_close": 132.995,
            "adj_open": 129.8,
            "adj_volume": 106686703.0,
            "split_factor": 1.0,
            "symbol": "AAPL",
            "exchange": "XNAS",
            "date": "2021-04-09T00:00:00+0000"
        },
        {
            "open": 128.95,
            "high": 130.39,
            "low": 128.52,
            "close": 130.36,
            "volume": 87394440.0,
            "adj_high": 130.39,
            "adj_low": 128.52,
            "adj_close": 130.36,
            "adj_open": 128.95,
            "adj_volume": 88844591.0,
            "split_factor": 1.0,
            "symbol": "AAPL",
            "exchange": "XNAS",
            "date": "2021-04-08T00:00:00+0000"
        },
        {
            "open": 125.83,
            "high": 127.92,
            "low": 125.14,
            "close": 127.9,
            "volume": 83466616.0,
            "adj_high": 127.92,
            "adj_low": 125.14,
            "adj_close": 127.9,
            "adj_open": 125.83,
            "adj_volume": 83466716.0,
            "split_factor": 1.0,
            "symbol": "AAPL",
            "exchange": "XNAS",
            "date": "2021-04-07T00:00:00+0000"
        },
        {
            "open": 126.5,
            "high": 127.13,
            "low": 125.65,
            "close": 126.21,
            "volume": 80171253.0,
            "adj_high": 127.13,
            "adj_low": 125.65,
            "adj_close": 126.21,
            "adj_open": 126.5,
            "adj_volume": 80171253.0,
            "split_factor": 1.0,
            "symbol": "AAPL",
            "exchange": "XNAS",
            "date": "2021-04-06T00:00:00+0000"
        },
        {
            "open": 123.87,
            "high": 126.1601,
            "low": 123.07,
            "close": 125.9,
            "volume": 86139134.0,
            "adj_high": 126.1601,
            "adj_low": 123.07,
            "adj_close": 125.9,
            "adj_open": 123.87,
            "adj_volume": 88651175.0,
            "split_factor": 1.0,
            "symbol": "AAPL",
            "exchange": "XNAS",
            "date": "2021-04-05T00:00:00+0000"
        },
        {
            "open": 123.66,
            "high": 124.18,
            "low": 122.49,
            "close": 123.0,
            "volume": 75089134.0,
            "adj_high": 124.18,
            "adj_low": 122.49,
            "adj_close": 123.0,
            "adj_open": 123.66,
            "adj_volume": 75089134.0,
            "split_factor": 1.0,
            "symbol": "AAPL",
            "exchange": "XNAS",
            "date": "2021-04-01T00:00:00+0000"
        },
        {
            "open": 121.65,
            "high": 123.52,
            "low": 121.15,
            "close": 122.15,
            "volume": 110940463.0,
            "adj_high": 123.52,
            "adj_low": 121.15,
            "adj_close": 122.15,
            "adj_open": 121.65,
            "adj_volume": 118323826.0,
            "split_factor": 1.0,
            "symbol": "AAPL",
            "exchange": "XNAS",
            "date": "2021-03-31T00:00:00+0000"
        },
        {
            "open": 120.11,
            "high": 120.4031,
            "low": 118.86,
            "close": 119.9,
            "volume": 85671919.0,
            "adj_high": null,
            "adj_low": null,
            "adj_close": 119.9,
            "adj_open": null,
            "adj_volume": null,
            "split_factor": 1.0,
            "symbol": "AAPL",
            "exchange": "XNAS",
            "date": "2021-03-30T00:00:00+0000"
        },
        {
            "open": 121.65,
            "high": 122.58,
            "low": 120.7299,
            "close": 121.39,
            "volume": 80819203.0,
            "adj_high": null,
            "adj_low": null,
            "adj_close": 121.39,
            "adj_open": null,
            "adj_volume": null,
            "split_factor": 1.0,
            "symbol": "AAPL",
            "exchange": "XNAS",
            "date": "2021-03-29T00:00:00+0000"
        }
    ]
}